,cpu_statistics_task_percent_guest,stack_utilization_time,pagefaults_task_pid,task_switching_time,cpu_statistics_task_percent_usr,kernel_statistics_uid,task_switching_uid,stack_utilization_pid,stack_utilization_uid,pagefaults_task_minflt_s,pagefaults_task_time,threads_child_time,threads_task_time,threads_task_percent_guest,cpu_statistics_child_time,policy_pid,cpu_statistics_task_time,kernel_statistics_time,threads_task_percent_usr,pagefaults_child_time,kernel_tables_uid,pagefaults_task_rss,kernel_tables_pid,cpu_statistics_task_pid,kernel_statistics_kb_wr_s,cpu_statistics_task_cpu,threads_child_uid,pagefaults_task_percent_mem,kernel_tables_time,cpu_statistics_task_percent_cpu,kernel_statistics_kb_rd_s,cpu_statistics_child_uid,pagefaults_task_vsz,task_switching_pid,task_switching_nvcswch_s,pagefaults_task_uid,policy_time,policy_uid,cpu_statistics_task_uid,threads_task_percent_cpu,cpu_statistics_task_percent_system,kernel_statistics_pid,cpu_statistics_child_pid,stack_utilization_stkref,threads_task_uid,pagefaults_task_majflt_s,pagefaults_child_uid,stack_utilization_stksize,threads_task_percent_system,pagefaults_child_pid,task_switching_cswch_s,kernel_statistics_kb_ccwr_s,threads_task_cpu,timepoint
0,0.0,233054,20,233054,0.0,0,0,20,0,0.0,233054,233054,233054,0.0,233054,20,233054,233054,0.0,233054,0,3164,20,20,0.0,2,0,0.02,233054,0.0,0.0,0,6548,20,0.0,0,233054,0,0,0.0,0.0,20,20,52,0,0.0,0,132,0.0,20,0.0,0.0,2,0.0
1,0.0,233054,20,233054,0.0,0,0,20,0,0.0,233054,233054,233054,0.0,233054,20,233054,233054,0.0,233054,0,3164,20,20,0.0,2,0,0.02,233054,0.0,0.0,0,6548,20,0.0,0,233054,0,0,0.0,0.0,20,20,52,0,0.0,0,132,0.0,20,0.0,0.0,2,0.0
2,0.0,233054,20,233054,0.0,0,0,20,0,0.0,233054,233054,233054,0.0,233054,20,233054,233054,0.0,233054,0,3164,20,20,0.0,2,0,0.02,233054,0.0,0.0,0,6548,20,0.0,0,233054,0,0,0.0,0.0,20,20,52,0,0.0,0,132,0.0,20,0.0,0.0,2,0.0
3,0.0,233054,20,233054,0.0,0,0,20,0,0.0,233054,233054,233054,0.0,233054,20,233054,233054,0.0,233054,0,3164,20,20,0.0,2,0,0.02,233054,0.0,0.0,0,6548,20,0.0,0,233054,0,0,0.0,0.0,20,20,52,0,0.0,0,132,0.0,20,0.0,0.0,2,0.0
4,0.0,233054,20,233054,0.0,0,0,20,0,0.0,233054,233054,233054,0.0,233054,20,233054,233054,0.0,233054,0,3164,20,20,0.0,2,0,0.02,233054,0.0,0.0,0,6548,20,0.0,0,233054,0,0,0.0,0.0,20,20,52,0,0.0,0,132,0.0,20,0.0,0.0,2,0.0
5,0.0,233054,20,233054,0.0,0,0,20,0,0.0,233054,233054,233054,0.0,233054,20,233054,233054,0.0,233054,0,3164,20,20,0.0,2,0,0.02,233054,0.0,0.0,0,6548,20,0.0,0,233054,0,0,0.0,0.0,20,20,52,0,0.0,0,132,0.0,20,0.0,0.0,2,0.0
6,0.0,233054,20,233054,0.0,0,0,20,0,0.0,233054,233054,233054,0.0,233054,20,233054,233054,0.0,233054,0,3164,20,20,0.0,2,0,0.02,233054,0.0,0.0,0,6548,20,0.0,0,233054,0,0,0.0,0.0,20,20,52,0,0.0,0,132,0.0,20,0.0,0.0,2,0.0
7,0.0,233054,20,233054,0.0,0,0,20,0,0.0,233054,233054,233054,0.0,233054,20,233054,233054,0.0,233054,0,3164,20,20,0.0,2,0,0.02,233054,0.0,0.0,0,6548,20,0.0,0,233054,0,0,0.0,0.0,20,20,52,0,0.0,0,132,0.0,20,0.0,0.0,2,0.0
8,0.0,233054,20,233054,0.0,0,0,20,0,0.0,233054,233054,233054,0.0,233054,20,233054,233054,0.0,233054,0,3164,20,20,0.0,2,0,0.02,233054,0.0,0.0,0,6548,20,0.0,0,233054,0,0,0.0,0.0,20,20,52,0,0.0,0,132,0.0,20,0.0,0.0,2,0.0
9,0.0,233054,20,233054,0.0,0,0,20,0,0.0,233054,233054,233054,0.0,233054,20,233054,233054,0.0,233054,0,3164,20,20,0.0,2,0,0.02,233054,0.0,0.0,0,6548,20,0.0,0,233054,0,0,0.0,0.0,20,20,52,0,0.0,0,132,0.0,20,0.0,0.0,2,0.0
10,0.0,233054,20,233054,0.0,0,0,20,0,0.0,233054,233054,233054,0.0,233054,20,233054,233054,0.0,233054,0,3164,20,20,0.0,2,0,0.02,233054,0.0,0.0,0,6548,20,0.0,0,233054,0,0,0.0,0.0,20,20,52,0,0.0,0,132,0.0,20,0.0,0.0,2,0.0
11,0.0,233057,20,233057,0.0,0,0,20,0,0.0,233057,233057,233057,0.0,233057,20,233056,233057,0.0,233057,0,3164,20,20,0.0,1,0,0.02,233057,0.0,0.0,0,6548,20,0.0,0,233057,0,0,0.0,0.0,20,20,52,0,0.0,0,132,0.0,20,0.0,0.0,2,1.0
12,0.0,233057,20,233057,0.0,0,0,20,0,0.0,233057,233057,233057,0.0,233057,20,233056,233057,0.0,233057,0,3164,20,20,0.0,1,0,0.02,233057,0.0,0.0,0,6548,20,0.0,0,233057,0,0,0.0,0.0,20,20,52,0,0.0,0,132,0.0,20,0.0,0.0,2,1.0
13,0.0,233057,20,233057,0.0,0,0,20,0,0.0,233057,233057,233057,0.0,233057,20,233056,233057,0.0,233057,0,3164,20,20,0.0,1,0,0.02,233057,0.0,0.0,0,6548,20,0.0,0,233057,0,0,0.0,0.0,20,20,52,0,0.0,0,132,0.0,20,0.0,0.0,2,1.0
14,0.0,233057,20,233057,0.0,0,0,20,0,0.0,233057,233057,233057,0.0,233057,20,233056,233057,0.0,233057,0,3164,20,20,0.0,1,0,0.02,233057,0.0,0.0,0,6548,20,0.0,0,233057,0,0,0.0,0.0,20,20,52,0,0.0,0,132,0.0,20,0.0,0.0,2,1.0
15,0.0,233057,20,233057,0.0,0,0,20,0,0.0,233057,233057,233057,0.0,233057,20,233056,233057,0.0,233057,0,3164,20,20,0.0,1,0,0.02,233057,0.0,0.0,0,6548,20,0.0,0,233057,0,0,0.0,0.0,20,20,52,0,0.0,0,132,0.0,20,0.0,0.0,2,1.0
16,0.0,233057,20,233057,0.0,0,0,20,0,0.0,233057,233057,233057,0.0,233057,20,233056,233057,0.0,233057,0,3164,20,20,0.0,1,0,0.02,233057,0.0,0.0,0,6548,20,0.0,0,233057,0,0,0.0,0.0,20,20,52,0,0.0,0,132,0.0,20,0.0,0.0,2,1.0
17,0.0,233057,20,233057,0.0,0,0,20,0,0.0,233057,233057,233057,0.0,233057,20,233056,233057,0.0,233057,0,3164,20,20,0.0,1,0,0.02,233057,0.0,0.0,0,6548,20,0.0,0,233057,0,0,0.0,0.0,20,20,52,0,0.0,0,132,0.0,20,0.0,0.0,2,1.0
18,0.0,233057,20,233057,0.0,0,0,20,0,0.0,233057,233057,233057,0.0,233057,20,233056,233057,0.0,233057,0,3164,20,20,0.0,1,0,0.02,233057,0.0,0.0,0,6548,20,0.0,0,233057,0,0,0.0,0.0,20,20,52,0,0.0,0,132,0.0,20,0.0,0.0,2,1.0
19,0.0,233057,20,233057,0.0,0,0,20,0,0.0,233057,233057,233057,0.0,233057,20,233056,233057,0.0,233057,0,3164,20,20,0.0,1,0,0.02,233057,0.0,0.0,0,6548,20,0.0,0,233057,0,0,0.0,0.0,20,20,52,0,0.0,0,132,0.0,20,0.0,0.0,2,1.0
20,0.0,233057,20,233057,0.0,0,0,20,0,0.0,233057,233057,233057,0.0,233057,20,233056,233057,0.0,233057,0,3164,20,20,0.0,1,0,0.02,233057,0.0,0.0,0,6548,20,0.0,0,233057,0,0,0.0,0.0,20,20,52,0,0.0,0,132,0.0,20,0.0,0.0,2,1.0
21,0.0,233057,20,233057,0.0,0,0,20,0,0.0,233057,233057,233057,0.0,233057,20,233056,233057,0.0,233057,0,3164,20,20,0.0,1,0,0.02,233057,0.0,0.0,0,6548,20,0.0,0,233057,0,0,0.0,0.0,20,20,52,0,0.0,0,132,0.0,20,0.0,0.0,2,1.0
22,0.0,233100,20,233100,0.0,0,0,20,0,0.0,233059,233100,233100,0.0,233059,20,233059,233059,0.0,233059,0,3164,20,20,0.0,2,0,0.02,233100,0.0,0.0,0,6548,20,0.0,0,233059,0,0,0.0,0.0,20,20,52,0,0.0,0,132,0.0,20,0.0,0.0,2,2.0
23,0.0,233100,20,233100,0.0,0,0,20,0,0.0,233059,233100,233100,0.0,233059,20,233059,233059,0.0,233059,0,3164,20,20,0.0,2,0,0.02,233100,0.0,0.0,0,6548,20,0.0,0,233059,0,0,0.0,0.0,20,20,52,0,0.0,0,132,0.0,20,0.0,0.0,2,2.0
24,0.0,233100,20,233100,0.0,0,0,20,0,0.0,233059,233100,233100,0.0,233059,20,233059,233059,0.0,233059,0,3164,20,20,0.0,2,0,0.02,233100,0.0,0.0,0,6548,20,0.0,0,233059,0,0,0.0,0.0,20,20,52,0,0.0,0,132,0.0,20,0.0,0.0,2,2.0
25,0.0,233100,20,233100,0.0,0,0,20,0,0.0,233059,233100,233100,0.0,233059,20,233059,233059,0.0,233059,0,3164,20,20,0.0,2,0,0.02,233100,0.0,0.0,0,6548,20,0.0,0,233059,0,0,0.0,0.0,20,20,52,0,0.0,0,132,0.0,20,0.0,0.0,2,2.0
26,0.0,233100,20,233100,0.0,0,0,20,0,0.0,233059,233100,233100,0.0,233059,20,233059,233059,0.0,233059,0,3164,20,20,0.0,2,0,0.02,233100,0.0,0.0,0,6548,20,0.0,0,233059,0,0,0.0,0.0,20,20,52,0,0.0,0,132,0.0,20,0.0,0.0,2,2.0
27,0.0,233100,20,233100,0.0,0,0,20,0,0.0,233059,233100,233100,0.0,233059,20,233059,233059,0.0,233059,0,3164,20,20,0.0,2,0,0.02,233100,0.0,0.0,0,6548,20,0.0,0,233059,0,0,0.0,0.0,20,20,52,0,0.0,0,132,0.0,20,0.0,0.0,2,2.0
28,0.0,233100,20,233100,0.0,0,0,20,0,0.0,233059,233100,233100,0.0,233059,20,233059,233059,0.0,233059,0,3164,20,20,0.0,2,0,0.02,233100,0.0,0.0,0,6548,20,0.0,0,233059,0,0,0.0,0.0,20,20,52,0,0.0,0,132,0.0,20,0.0,0.0,2,2.0
29,0.0,233100,20,233100,0.0,0,0,20,0,0.0,233059,233100,233100,0.0,233059,20,233059,233059,0.0,233059,0,3164,20,20,0.0,2,0,0.02,233100,0.0,0.0,0,6548,20,0.0,0,233059,0,0,0.0,0.0,20,20,52,0,0.0,0,132,0.0,20,0.0,0.0,2,2.0
30,0.0,233100,20,233100,0.0,0,0,20,0,0.0,233059,233100,233100,0.0,233059,20,233059,233059,0.0,233059,0,3164,20,20,0.0,2,0,0.02,233100,0.0,0.0,0,6548,20,0.0,0,233059,0,0,0.0,0.0,20,20,52,0,0.0,0,132,0.0,20,0.0,0.0,2,2.0
31,0.0,233100,20,233100,0.0,0,0,20,0,0.0,233059,233100,233100,0.0,233059,20,233059,233059,0.0,233059,0,3164,20,20,0.0,2,0,0.02,233100,0.0,0.0,0,6548,20,0.0,0,233059,0,0,0.0,0.0,20,20,52,0,0.0,0,132,0.0,20,0.0,0.0,2,2.0
32,0.0,233100,20,233100,0.0,0,0,20,0,0.0,233059,233100,233100,0.0,233059,20,233059,233059,0.0,233059,0,3164,20,20,0.0,2,0,0.02,233100,0.0,0.0,0,6548,20,0.0,0,233059,0,0,0.0,0.0,20,20,52,0,0.0,0,132,0.0,20,0.0,0.0,2,2.0
33,0.0,233102,20,233103,0.0,0,0,20,0,0.0,233102,233102,233102,0.0,233102,20,233102,233102,0.0,233102,0,3164,20,20,0.0,2,0,0.02,233102,0.0,0.0,0,6548,20,0.0,0,233102,0,0,0.0,0.0,20,20,52,0,0.0,0,132,0.0,20,0.0,0.0,2,3.0
34,0.0,233102,20,233103,0.0,0,0,20,0,0.0,233102,233102,233102,0.0,233102,20,233102,233102,0.0,233102,0,3164,20,20,0.0,2,0,0.02,233102,0.0,0.0,0,6548,20,0.0,0,233102,0,0,0.0,0.0,20,20,52,0,0.0,0,132,0.0,20,0.0,0.0,2,3.0
35,0.0,233102,20,233103,0.0,0,0,20,0,0.0,233102,233102,233102,0.0,233102,20,233102,233102,0.0,233102,0,3164,20,20,0.0,2,0,0.02,233102,0.0,0.0,0,6548,20,0.0,0,233102,0,0,0.0,0.0,20,20,52,0,0.0,0,132,0.0,20,0.0,0.0,2,3.0
36,0.0,233102,20,233103,0.0,0,0,20,0,0.0,233102,233102,233102,0.0,233102,20,233102,233102,0.0,233102,0,3164,20,20,0.0,2,0,0.02,233102,0.0,0.0,0,6548,20,0.0,0,233102,0,0,0.0,0.0,20,20,52,0,0.0,0,132,0.0,20,0.0,0.0,2,3.0
37,0.0,233102,20,233103,0.0,0,0,20,0,0.0,233102,233102,233102,0.0,233102,20,233102,233102,0.0,233102,0,3164,20,20,0.0,2,0,0.02,233102,0.0,0.0,0,6548,20,0.0,0,233102,0,0,0.0,0.0,20,20,52,0,0.0,0,132,0.0,20,0.0,0.0,2,3.0
38,0.0,233102,20,233103,0.0,0,0,20,0,0.0,233102,233102,233102,0.0,233102,20,233102,233102,0.0,233102,0,3164,20,20,0.0,2,0,0.02,233102,0.0,0.0,0,6548,20,0.0,0,233102,0,0,0.0,0.0,20,20,52,0,0.0,0,132,0.0,20,0.0,0.0,2,3.0
39,0.0,233102,20,233103,0.0,0,0,20,0,0.0,233102,233102,233102,0.0,233102,20,233102,233102,0.0,233102,0,3164,20,20,0.0,2,0,0.02,233102,0.0,0.0,0,6548,20,0.0,0,233102,0,0,0.0,0.0,20,20,52,0,0.0,0,132,0.0,20,0.0,0.0,2,3.0
40,0.0,233102,20,233103,0.0,0,0,20,0,0.0,233102,233102,233102,0.0,233102,20,233102,233102,0.0,233102,0,3164,20,20,0.0,2,0,0.02,233102,0.0,0.0,0,6548,20,0.0,0,233102,0,0,0.0,0.0,20,20,52,0,0.0,0,132,0.0,20,0.0,0.0,2,3.0
41,0.0,233102,20,233103,0.0,0,0,20,0,0.0,233102,233102,233102,0.0,233102,20,233102,233102,0.0,233102,0,3164,20,20,0.0,2,0,0.02,233102,0.0,0.0,0,6548,20,0.0,0,233102,0,0,0.0,0.0,20,20,52,0,0.0,0,132,0.0,20,0.0,0.0,2,3.0
42,0.0,233102,20,233103,0.0,0,0,20,0,0.0,233102,233102,233102,0.0,233102,20,233102,233102,0.0,233102,0,3164,20,20,0.0,2,0,0.02,233102,0.0,0.0,0,6548,20,0.0,0,233102,0,0,0.0,0.0,20,20,52,0,0.0,0,132,0.0,20,0.0,0.0,2,3.0
43,0.0,233102,20,233103,0.0,0,0,20,0,0.0,233102,233102,233102,0.0,233102,20,233102,233102,0.0,233102,0,3164,20,20,0.0,2,0,0.02,233102,0.0,0.0,0,6548,20,0.0,0,233102,0,0,0.0,0.0,20,20,52,0,0.0,0,132,0.0,20,0.0,0.0,2,3.0
44,0.0,233105,20,233105,0.0,0,0,20,0,0.0,233105,233105,233105,0.0,233105,20,233105,233105,0.0,233105,0,3164,20,20,0.0,2,0,0.02,233105,0.0,0.0,0,6548,20,0.0,0,233105,0,0,0.0,0.0,20,20,52,0,0.0,0,132,0.0,20,0.0,0.0,2,4.0
45,0.0,233105,20,233105,0.0,0,0,20,0,0.0,233105,233105,233105,0.0,233105,20,233105,233105,0.0,233105,0,3164,20,20,0.0,2,0,0.02,233105,0.0,0.0,0,6548,20,0.0,0,233105,0,0,0.0,0.0,20,20,52,0,0.0,0,132,0.0,20,0.0,0.0,2,4.0
46,0.0,233105,20,233105,0.0,0,0,20,0,0.0,233105,233105,233105,0.0,233105,20,233105,233105,0.0,233105,0,3164,20,20,0.0,2,0,0.02,233105,0.0,0.0,0,6548,20,0.0,0,233105,0,0,0.0,0.0,20,20,52,0,0.0,0,132,0.0,20,0.0,0.0,2,4.0
47,0.0,233105,20,233105,0.0,0,0,20,0,0.0,233105,233105,233105,0.0,233105,20,233105,233105,0.0,233105,0,3164,20,20,0.0,2,0,0.02,233105,0.0,0.0,0,6548,20,0.0,0,233105,0,0,0.0,0.0,20,20,52,0,0.0,0,132,0.0,20,0.0,0.0,2,4.0
48,0.0,233105,20,233105,0.0,0,0,20,0,0.0,233105,233105,233105,0.0,233105,20,233105,233105,0.0,233105,0,3164,20,20,0.0,2,0,0.02,233105,0.0,0.0,0,6548,20,0.0,0,233105,0,0,0.0,0.0,20,20,52,0,0.0,0,132,0.0,20,0.0,0.0,2,4.0
49,0.0,233105,20,233105,0.0,0,0,20,0,0.0,233105,233105,233105,0.0,233105,20,233105,233105,0.0,233105,0,3164,20,20,0.0,2,0,0.02,233105,0.0,0.0,0,6548,20,0.0,0,233105,0,0,0.0,0.0,20,20,52,0,0.0,0,132,0.0,20,0.0,0.0,2,4.0
50,0.0,233105,20,233105,0.0,0,0,20,0,0.0,233105,233105,233105,0.0,233105,20,233105,233105,0.0,233105,0,3164,20,20,0.0,2,0,0.02,233105,0.0,0.0,0,6548,20,0.0,0,233105,0,0,0.0,0.0,20,20,52,0,0.0,0,132,0.0,20,0.0,0.0,2,4.0
51,0.0,233105,20,233105,0.0,0,0,20,0,0.0,233105,233105,233105,0.0,233105,20,233105,233105,0.0,233105,0,3164,20,20,0.0,2,0,0.02,233105,0.0,0.0,0,6548,20,0.0,0,233105,0,0,0.0,0.0,20,20,52,0,0.0,0,132,0.0,20,0.0,0.0,2,4.0
52,0.0,233105,20,233105,0.0,0,0,20,0,0.0,233105,233105,233105,0.0,233105,20,233105,233105,0.0,233105,0,3164,20,20,0.0,2,0,0.02,233105,0.0,0.0,0,6548,20,0.0,0,233105,0,0,0.0,0.0,20,20,52,0,0.0,0,132,0.0,20,0.0,0.0,2,4.0
53,0.0,233105,20,233105,0.0,0,0,20,0,0.0,233105,233105,233105,0.0,233105,20,233105,233105,0.0,233105,0,3164,20,20,0.0,2,0,0.02,233105,0.0,0.0,0,6548,20,0.0,0,233105,0,0,0.0,0.0,20,20,52,0,0.0,0,132,0.0,20,0.0,0.0,2,4.0
54,0.0,233105,20,233105,0.0,0,0,20,0,0.0,233105,233105,233105,0.0,233105,20,233105,233105,0.0,233105,0,3164,20,20,0.0,2,0,0.02,233105,0.0,0.0,0,6548,20,0.0,0,233105,0,0,0.0,0.0,20,20,52,0,0.0,0,132,0.0,20,0.0,0.0,2,4.0
55,0.0,233108,20,233108,0.0,0,0,20,0,0.0,233108,233108,233108,0.0,233107,20,233107,233107,0.0,233108,0,3164,20,20,0.0,2,0,0.02,233108,0.0,0.0,0,6548,20,0.0,0,233108,0,0,0.0,0.0,20,20,52,0,0.0,0,132,0.0,20,0.0,0.0,2,5.0
56,0.0,233108,20,233108,0.0,0,0,20,0,0.0,233108,233108,233108,0.0,233107,20,233107,233107,0.0,233108,0,3164,20,20,0.0,2,0,0.02,233108,0.0,0.0,0,6548,20,0.0,0,233108,0,0,0.0,0.0,20,20,52,0,0.0,0,132,0.0,20,0.0,0.0,2,5.0
57,0.0,233108,20,233108,0.0,0,0,20,0,0.0,233108,233108,233108,0.0,233107,20,233107,233107,0.0,233108,0,3164,20,20,0.0,2,0,0.02,233108,0.0,0.0,0,6548,20,0.0,0,233108,0,0,0.0,0.0,20,20,52,0,0.0,0,132,0.0,20,0.0,0.0,2,5.0
58,0.0,233108,20,233108,0.0,0,0,20,0,0.0,233108,233108,233108,0.0,233107,20,233107,233107,0.0,233108,0,3164,20,20,0.0,2,0,0.02,233108,0.0,0.0,0,6548,20,0.0,0,233108,0,0,0.0,0.0,20,20,52,0,0.0,0,132,0.0,20,0.0,0.0,2,5.0
59,0.0,233108,20,233108,0.0,0,0,20,0,0.0,233108,233108,233108,0.0,233107,20,233107,233107,0.0,233108,0,3164,20,20,0.0,2,0,0.02,233108,0.0,0.0,0,6548,20,0.0,0,233108,0,0,0.0,0.0,20,20,52,0,0.0,0,132,0.0,20,0.0,0.0,2,5.0
60,0.0,233108,20,233108,0.0,0,0,20,0,0.0,233108,233108,233108,0.0,233107,20,233107,233107,0.0,233108,0,3164,20,20,0.0,2,0,0.02,233108,0.0,0.0,0,6548,20,0.0,0,233108,0,0,0.0,0.0,20,20,52,0,0.0,0,132,0.0,20,0.0,0.0,2,5.0
61,0.0,233108,20,233108,0.0,0,0,20,0,0.0,233108,233108,233108,0.0,233107,20,233107,233107,0.0,233108,0,3164,20,20,0.0,2,0,0.02,233108,0.0,0.0,0,6548,20,0.0,0,233108,0,0,0.0,0.0,20,20,52,0,0.0,0,132,0.0,20,0.0,0.0,2,5.0
62,0.0,233108,20,233108,0.0,0,0,20,0,0.0,233108,233108,233108,0.0,233107,20,233107,233107,0.0,233108,0,3164,20,20,0.0,2,0,0.02,233108,0.0,0.0,0,6548,20,0.0,0,233108,0,0,0.0,0.0,20,20,52,0,0.0,0,132,0.0,20,0.0,0.0,2,5.0
63,0.0,233108,20,233108,0.0,0,0,20,0,0.0,233108,233108,233108,0.0,233107,20,233107,233107,0.0,233108,0,3164,20,20,0.0,2,0,0.02,233108,0.0,0.0,0,6548,20,0.0,0,233108,0,0,0.0,0.0,20,20,52,0,0.0,0,132,0.0,20,0.0,0.0,2,5.0
64,0.0,233108,20,233108,0.0,0,0,20,0,0.0,233108,233108,233108,0.0,233107,20,233107,233107,0.0,233108,0,3164,20,20,0.0,2,0,0.02,233108,0.0,0.0,0,6548,20,0.0,0,233108,0,0,0.0,0.0,20,20,52,0,0.0,0,132,0.0,20,0.0,0.0,2,5.0
65,0.0,233108,20,233108,0.0,0,0,20,0,0.0,233108,233108,233108,0.0,233107,20,233107,233107,0.0,233108,0,3164,20,20,0.0,2,0,0.02,233108,0.0,0.0,0,6548,20,0.0,0,233108,0,0,0.0,0.0,20,20,52,0,0.0,0,132,0.0,20,0.0,0.0,2,5.0
66,0.0,233110,20,233111,0.0,0,0,20,0,0.0,233110,233111,233111,0.0,233110,20,233110,233110,0.0,233110,0,3164,20,20,0.0,2,0,0.02,233111,0.0,0.0,0,6548,20,0.0,0,233110,0,0,0.0,0.0,20,20,52,0,0.0,0,132,0.0,20,0.0,0.0,2,6.0
67,0.0,233110,20,233111,0.0,0,0,20,0,0.0,233110,233111,233111,0.0,233110,20,233110,233110,0.0,233110,0,3164,20,20,0.0,2,0,0.02,233111,0.0,0.0,0,6548,20,0.0,0,233110,0,0,0.0,0.0,20,20,52,0,0.0,0,132,0.0,20,0.0,0.0,2,6.0
68,0.0,233110,20,233111,0.0,0,0,20,0,0.0,233110,233111,233111,0.0,233110,20,233110,233110,0.0,233110,0,3164,20,20,0.0,2,0,0.02,233111,0.0,0.0,0,6548,20,0.0,0,233110,0,0,0.0,0.0,20,20,52,0,0.0,0,132,0.0,20,0.0,0.0,2,6.0
69,0.0,233110,20,233111,0.0,0,0,20,0,0.0,233110,233111,233111,0.0,233110,20,233110,233110,0.0,233110,0,3164,20,20,0.0,2,0,0.02,233111,0.0,0.0,0,6548,20,0.0,0,233110,0,0,0.0,0.0,20,20,52,0,0.0,0,132,0.0,20,0.0,0.0,2,6.0
70,0.0,233110,20,233111,0.0,0,0,20,0,0.0,233110,233111,233111,0.0,233110,20,233110,233110,0.0,233110,0,3164,20,20,0.0,2,0,0.02,233111,0.0,0.0,0,6548,20,0.0,0,233110,0,0,0.0,0.0,20,20,52,0,0.0,0,132,0.0,20,0.0,0.0,2,6.0
71,0.0,233110,20,233111,0.0,0,0,20,0,0.0,233110,233111,233111,0.0,233110,20,233110,233110,0.0,233110,0,3164,20,20,0.0,2,0,0.02,233111,0.0,0.0,0,6548,20,0.0,0,233110,0,0,0.0,0.0,20,20,52,0,0.0,0,132,0.0,20,0.0,0.0,2,6.0
72,0.0,233110,20,233111,0.0,0,0,20,0,0.0,233110,233111,233111,0.0,233110,20,233110,233110,0.0,233110,0,3164,20,20,0.0,2,0,0.02,233111,0.0,0.0,0,6548,20,0.0,0,233110,0,0,0.0,0.0,20,20,52,0,0.0,0,132,0.0,20,0.0,0.0,2,6.0
73,0.0,233110,20,233111,0.0,0,0,20,0,0.0,233110,233111,233111,0.0,233110,20,233110,233110,0.0,233110,0,3164,20,20,0.0,2,0,0.02,233111,0.0,0.0,0,6548,20,0.0,0,233110,0,0,0.0,0.0,20,20,52,0,0.0,0,132,0.0,20,0.0,0.0,2,6.0
74,0.0,233110,20,233111,0.0,0,0,20,0,0.0,233110,233111,233111,0.0,233110,20,233110,233110,0.0,233110,0,3164,20,20,0.0,2,0,0.02,233111,0.0,0.0,0,6548,20,0.0,0,233110,0,0,0.0,0.0,20,20,52,0,0.0,0,132,0.0,20,0.0,0.0,2,6.0
75,0.0,233110,20,233111,0.0,0,0,20,0,0.0,233110,233111,233111,0.0,233110,20,233110,233110,0.0,233110,0,3164,20,20,0.0,2,0,0.02,233111,0.0,0.0,0,6548,20,0.0,0,233110,0,0,0.0,0.0,20,20,52,0,0.0,0,132,0.0,20,0.0,0.0,2,6.0
76,0.0,233110,20,233111,0.0,0,0,20,0,0.0,233110,233111,233111,0.0,233110,20,233110,233110,0.0,233110,0,3164,20,20,0.0,2,0,0.02,233111,0.0,0.0,0,6548,20,0.0,0,233110,0,0,0.0,0.0,20,20,52,0,0.0,0,132,0.0,20,0.0,0.0,2,6.0
77,0.0,233113,20,233113,0.0,0,0,20,0,0.0,233113,233113,233113,0.0,233113,20,233113,233113,0.0,233113,0,3164,20,20,0.0,2,0,0.02,233113,0.0,0.0,0,6548,20,0.0,0,233113,0,0,0.0,0.0,20,20,52,0,0.0,0,132,0.0,20,0.0,0.0,2,7.0
78,0.0,233113,20,233113,0.0,0,0,20,0,0.0,233113,233113,233113,0.0,233113,20,233113,233113,0.0,233113,0,3164,20,20,0.0,2,0,0.02,233113,0.0,0.0,0,6548,20,0.0,0,233113,0,0,0.0,0.0,20,20,52,0,0.0,0,132,0.0,20,0.0,0.0,2,7.0
79,0.0,233113,20,233113,0.0,0,0,20,0,0.0,233113,233113,233113,0.0,233113,20,233113,233113,0.0,233113,0,3164,20,20,0.0,2,0,0.02,233113,0.0,0.0,0,6548,20,0.0,0,233113,0,0,0.0,0.0,20,20,52,0,0.0,0,132,0.0,20,0.0,0.0,2,7.0
80,0.0,233113,20,233113,0.0,0,0,20,0,0.0,233113,233113,233113,0.0,233113,20,233113,233113,0.0,233113,0,3164,20,20,0.0,2,0,0.02,233113,0.0,0.0,0,6548,20,0.0,0,233113,0,0,0.0,0.0,20,20,52,0,0.0,0,132,0.0,20,0.0,0.0,2,7.0
81,0.0,233113,20,233113,0.0,0,0,20,0,0.0,233113,233113,233113,0.0,233113,20,233113,233113,0.0,233113,0,3164,20,20,0.0,2,0,0.02,233113,0.0,0.0,0,6548,20,0.0,0,233113,0,0,0.0,0.0,20,20,52,0,0.0,0,132,0.0,20,0.0,0.0,2,7.0
82,0.0,233113,20,233113,0.0,0,0,20,0,0.0,233113,233113,233113,0.0,233113,20,233113,233113,0.0,233113,0,3164,20,20,0.0,2,0,0.02,233113,0.0,0.0,0,6548,20,0.0,0,233113,0,0,0.0,0.0,20,20,52,0,0.0,0,132,0.0,20,0.0,0.0,2,7.0
83,0.0,233113,20,233113,0.0,0,0,20,0,0.0,233113,233113,233113,0.0,233113,20,233113,233113,0.0,233113,0,3164,20,20,0.0,2,0,0.02,233113,0.0,0.0,0,6548,20,0.0,0,233113,0,0,0.0,0.0,20,20,52,0,0.0,0,132,0.0,20,0.0,0.0,2,7.0
84,0.0,233113,20,233113,0.0,0,0,20,0,0.0,233113,233113,233113,0.0,233113,20,233113,233113,0.0,233113,0,3164,20,20,0.0,2,0,0.02,233113,0.0,0.0,0,6548,20,0.0,0,233113,0,0,0.0,0.0,20,20,52,0,0.0,0,132,0.0,20,0.0,0.0,2,7.0
85,0.0,233113,20,233113,0.0,0,0,20,0,0.0,233113,233113,233113,0.0,233113,20,233113,233113,0.0,233113,0,3164,20,20,0.0,2,0,0.02,233113,0.0,0.0,0,6548,20,0.0,0,233113,0,0,0.0,0.0,20,20,52,0,0.0,0,132,0.0,20,0.0,0.0,2,7.0
86,0.0,233113,20,233113,0.0,0,0,20,0,0.0,233113,233113,233113,0.0,233113,20,233113,233113,0.0,233113,0,3164,20,20,0.0,2,0,0.02,233113,0.0,0.0,0,6548,20,0.0,0,233113,0,0,0.0,0.0,20,20,52,0,0.0,0,132,0.0,20,0.0,0.0,2,7.0
87,0.0,233113,20,233113,0.0,0,0,20,0,0.0,233113,233113,233113,0.0,233113,20,233113,233113,0.0,233113,0,3164,20,20,0.0,2,0,0.02,233113,0.0,0.0,0,6548,20,0.0,0,233113,0,0,0.0,0.0,20,20,52,0,0.0,0,132,0.0,20,0.0,0.0,2,7.0
88,0.0,233116,20,233116,0.0,0,0,20,0,0.0,233116,233116,233116,0.0,233116,20,233116,233116,0.0,233116,0,3164,20,20,0.0,1,0,0.02,233116,0.0,0.0,0,6548,20,0.0,0,233116,0,0,0.0,0.0,20,20,12,0,0.0,0,132,0.0,20,0.0,0.0,1,8.0
89,0.0,233116,20,233116,0.0,0,0,20,0,0.0,233116,233116,233116,0.0,233116,20,233116,233116,0.0,233116,0,3164,20,20,0.0,1,0,0.02,233116,0.0,0.0,0,6548,20,0.0,0,233116,0,0,0.0,0.0,20,20,12,0,0.0,0,132,0.0,20,0.0,0.0,1,8.0
90,0.0,233116,20,233116,0.0,0,0,20,0,0.0,233116,233116,233116,0.0,233116,20,233116,233116,0.0,233116,0,3164,20,20,0.0,1,0,0.02,233116,0.0,0.0,0,6548,20,0.0,0,233116,0,0,0.0,0.0,20,20,12,0,0.0,0,132,0.0,20,0.0,0.0,1,8.0
91,0.0,233116,20,233116,0.0,0,0,20,0,0.0,233116,233116,233116,0.0,233116,20,233116,233116,0.0,233116,0,3164,20,20,0.0,1,0,0.02,233116,0.0,0.0,0,6548,20,0.0,0,233116,0,0,0.0,0.0,20,20,12,0,0.0,0,132,0.0,20,0.0,0.0,1,8.0
92,0.0,233116,20,233116,0.0,0,0,20,0,0.0,233116,233116,233116,0.0,233116,20,233116,233116,0.0,233116,0,3164,20,20,0.0,1,0,0.02,233116,0.0,0.0,0,6548,20,0.0,0,233116,0,0,0.0,0.0,20,20,12,0,0.0,0,132,0.0,20,0.0,0.0,1,8.0
93,0.0,233116,20,233116,0.0,0,0,20,0,0.0,233116,233116,233116,0.0,233116,20,233116,233116,0.0,233116,0,3164,20,20,0.0,1,0,0.02,233116,0.0,0.0,0,6548,20,0.0,0,233116,0,0,0.0,0.0,20,20,12,0,0.0,0,132,0.0,20,0.0,0.0,1,8.0
94,0.0,233116,20,233116,0.0,0,0,20,0,0.0,233116,233116,233116,0.0,233116,20,233116,233116,0.0,233116,0,3164,20,20,0.0,1,0,0.02,233116,0.0,0.0,0,6548,20,0.0,0,233116,0,0,0.0,0.0,20,20,12,0,0.0,0,132,0.0,20,0.0,0.0,1,8.0
95,0.0,233116,20,233116,0.0,0,0,20,0,0.0,233116,233116,233116,0.0,233116,20,233116,233116,0.0,233116,0,3164,20,20,0.0,1,0,0.02,233116,0.0,0.0,0,6548,20,0.0,0,233116,0,0,0.0,0.0,20,20,12,0,0.0,0,132,0.0,20,0.0,0.0,1,8.0
96,0.0,233116,20,233116,0.0,0,0,20,0,0.0,233116,233116,233116,0.0,233116,20,233116,233116,0.0,233116,0,3164,20,20,0.0,1,0,0.02,233116,0.0,0.0,0,6548,20,0.0,0,233116,0,0,0.0,0.0,20,20,12,0,0.0,0,132,0.0,20,0.0,0.0,1,8.0
97,0.0,233116,20,233116,0.0,0,0,20,0,0.0,233116,233116,233116,0.0,233116,20,233116,233116,0.0,233116,0,3164,20,20,0.0,1,0,0.02,233116,0.0,0.0,0,6548,20,0.0,0,233116,0,0,0.0,0.0,20,20,12,0,0.0,0,132,0.0,20,0.0,0.0,1,8.0
98,0.0,233116,20,233116,0.0,0,0,20,0,0.0,233116,233116,233116,0.0,233116,20,233116,233116,0.0,233116,0,3164,20,20,0.0,1,0,0.02,233116,0.0,0.0,0,6548,20,0.0,0,233116,0,0,0.0,0.0,20,20,12,0,0.0,0,132,0.0,20,0.0,0.0,1,8.0
